"artist_name","track_name","album_name","mode","duration_ms","danceability","valence","tempo","speechiness","liveness","acousticness","instrumentalness","songlength"
"The Beatles","I Saw Her Standing There - Remastered 2009","Please Please Me ",1,173946,0.491,0.971,160.109,0.0361,0.0665,0.27,0,"02:53"
"The Beatles","Mean Mr Mustard - Remastered 2009","Abbey Road ",1,66533,0.676,0.97,100.687,0.0272,0.351,0.0699,1.96e-05,"01:06"
"The Beatles","Ob-La-Di, Ob-La-Da - 2018 Mix","The Beatles",1,188813,0.803,0.969,113.193,0.0333,0.222,0.149,0.00471,"03:08"
"The Beatles","Roll Over Beethoven - Remastered 2009","With The Beatles ",1,165466,0.351,0.967,160.673,0.0628,0.0952,0.289,0,"02:45"
"The Beatles","And Your Bird Can Sing - Remastered 2009","Revolver ",1,120493,0.555,0.966,132.59,0.0282,0.236,0.0067,0.0491,"02:00"
"The Beatles","Devil In Her Heart - Remastered 2009","With The Beatles ",1,146213,0.618,0.966,121.072,0.0296,0.0438,0.227,0,"02:26"
"The Beatles","Rock And Roll Music - Remastered 2009","Beatles For Sale ",1,151280,0.457,0.965,167.092,0.0441,0.333,0.566,0,"02:31"
"The Beatles","Birthday - 2018 Mix","The Beatles",1,161986,0.587,0.964,139.374,0.0398,0.194,2.27e-05,0.165,"02:41"
"The Beatles","Polythene Pam - Esher Demo","The Beatles",1,86240,0.671,0.963,166.246,0.0679,0.069,0.372,2.48e-06,"01:26"
"The Beatles","Hold Me Tight - Remastered 2009","With The Beatles ",1,151906,0.54,0.963,135.731,0.0312,0.21,0.664,0,"02:31"
"The Beatles","Ob-La-Di, Ob-La-Da - Take 3","The Beatles",1,174186,0.765,0.962,121.962,0.0376,0.326,0.348,0,"02:54"
"The Beatles","Don't Pass Me By - 2018 Mix","The Beatles",1,230306,0.598,0.961,84.995,0.0262,0.248,0.472,1.07e-06,"03:50"
"The Beatles","Birthday - Take 2 / Instrumental Backing Track","The Beatles",0,160373,0.667,0.961,137.779,0.0933,0.323,1.33e-05,0.946,"02:40"
"The Beatles","You Can't Do That - Remastered 2009","A Hard Day's Night ",1,154893,0.612,0.961,129.161,0.0335,0.382,0.367,0,"02:34"
"The Beatles","Please Mister Postman - Remastered 2009","With The Beatles ",1,154160,0.552,0.961,122.546,0.0372,0.36,0.675,0,"02:34"
"The Beatles","Not A Second Time - Remastered 2009","With The Beatles ",1,126826,0.471,0.961,124.848,0.0372,0.498,0.213,0,"02:06"
"The Beatles","I'll Cry Instead - Remastered 2009","A Hard Day's Night ",1,105986,0.643,0.96,96.711,0.0347,0.253,0.0917,0,"01:45"
"The Beatles","For You Blue - Remastered 2009","Let It Be ",1,152213,0.88,0.955,128.542,0.0855,0.24,0.24,0.0483,"02:32"
"The Beatles","Hey Bulldog - Remastered 2009","Yellow Submarine ",1,191306,0.587,0.947,100.495,0.028,0.199,0.0197,0.639,"03:11"
"The Beatles","Act Naturally - Remastered 2009","Help! ",1,150373,0.702,0.944,93.02,0.0308,0.153,0.366,0,"02:30"
"The Beatles","Everybody's Trying To Be My Baby - Remastered 2009","Beatles For Sale ",1,146000,0.543,0.943,85.172,0.0385,0.134,0.466,0,"02:26"
"The Beatles","Back In The U.S.S.R. - Take 5 / Instrumental Backing Track","The Beatles",1,189666,0.668,0.937,127.771,0.0345,0.176,0.0266,0.372,"03:09"
"The Beatles","Twist And Shout - Remastered 2009","Please Please Me ",1,155226,0.482,0.937,124.631,0.0452,0.0414,0.641,7.74e-06,"02:35"
"The Beatles","Back In The U.S.S.R. - 2018 Mix","The Beatles",1,163466,0.51,0.934,142.657,0.0342,0.201,0.00102,5.85e-05,"02:43"
"The Beatles","Revolution - Unnumbered Rehearsal","The Beatles",1,136266,0.729,0.931,122.493,0.051,0.388,0.664,0.00346,"02:16"
"The Beatles","Two Of Us - Remastered 2009","Let It Be ",1,216813,0.726,0.931,109.114,0.032,0.239,0.0974,3.46e-05,"03:36"
"The Beatles","Good Morning Good Morning - Remastered 2009","Sgt. Pepper's Lonely Hearts Club Band ",1,161226,0.542,0.93,121.849,0.139,0.772,0.0858,0,"02:41"
"The Beatles","Chains - Remastered 2009","Please Please Me ",1,145080,0.654,0.929,129.884,0.0304,0.129,0.608,0,"02:25"
"The Beatles","There's A Place - Remastered 2009","Please Please Me ",1,110493,0.455,0.927,140.928,0.0292,0.172,0.629,4.22e-06,"01:50"
"The Beatles","Kansas City / Hey-Hey-Hey-Hey - Medley / Remastered 2009","Beatles For Sale ",1,158146,0.588,0.924,131.36,0.0335,0.877,0.614,8.92e-05,"02:38"
"The Beatles","Money (That's What I Want) - Remastered 2009","With The Beatles ",0,169506,0.545,0.923,128.816,0.0394,0.266,0.425,0,"02:49"
"The Beatles","Glass Onion - Take 10","The Beatles",0,132346,0.803,0.922,114.973,0.0608,0.0472,0.0862,0.514,"02:12"
"The Beatles","Dizzy Miss Lizzy - Remastered 2009","Help! ",1,176506,0.373,0.918,136.037,0.0591,0.0962,0.116,0.00445,"02:56"
"The Beatles","Don't Bother Me - Remastered 2009","With The Beatles ",1,148253,0.371,0.916,170.377,0.0562,0.299,0.554,0,"02:28"
"The Beatles","Los Paranoias - Studio Jam","The Beatles",1,238053,0.609,0.914,163.524,0.304,0.194,0.277,0.0175,"03:58"
"The Beatles","I've Just Seen A Face - Remastered 2009","Help! ",1,125040,0.647,0.913,120.418,0.0387,0.118,0.723,0,"02:05"
"The Beatles","Savoy Truffle - 2018 Mix","The Beatles",0,174440,0.63,0.912,120.922,0.0504,0.0792,0.00938,0.00962,"02:54"
"The Beatles","I Should Have Known Better - Remastered 2009","A Hard Day's Night ",1,163080,0.682,0.91,130.704,0.0289,0.115,0.257,0,"02:43"
"The Beatles","Lady Madonna - Take 2 / Piano & Drums","The Beatles",1,145400,0.539,0.906,109.299,0.0415,0.165,0.716,0.794,"02:25"
"The Beatles","I Will - 2018 Mix","The Beatles",1,105786,0.621,0.9,103.123,0.0251,0.0899,0.661,0.000294,"01:45"
"The Beatles","All My Loving - Remastered 2009","With The Beatles ",0,127853,0.416,0.9,77.56,0.0298,0.343,0.207,0,"02:07"
"The Beatles","You Like Me Too Much - Remastered 2009","Help! ",1,156866,0.555,0.899,88.316,0.0302,0.191,0.415,0,"02:36"
"The Beatles","Girl - Remastered 2009","Rubber Soul ",0,151720,0.699,0.893,96.615,0.0294,0.117,0.587,0,"02:31"
"The Beatles","Martha My Dear - Without Brass And Strings","The Beatles",1,149413,0.64,0.89,88.977,0.0512,0.162,0.98,0.935,"02:29"
"The Beatles","I Don't Want To Spoil The Party - Remastered 2009","Beatles For Sale ",1,154466,0.533,0.889,95.438,0.033,0.149,0.451,0,"02:34"
"The Beatles","Blue Moon - Studio Jam","The Beatles",1,71346,0.641,0.888,203.225,0.0653,0.123,0.619,0.473,"01:11"
"The Beatles","One After 909 - Remastered 2009","Let It Be ",1,173960,0.554,0.888,90.95,0.0739,0.907,0.0307,0,"02:53"
"The Beatles","I'm Happy Just To Dance With You - Remastered 2009","A Hard Day's Night ",0,116373,0.658,0.887,132.115,0.0307,0.0572,0.138,0,"01:56"
"The Beatles","Savoy Truffle - Instrumental Backing Track","The Beatles",1,176973,0.721,0.886,121.437,0.051,0.0426,0.166,0.827,"02:56"
"The Beatles","Little Child - Remastered 2009","With The Beatles ",1,106400,0.526,0.886,75.596,0.0476,0.353,0.292,0.001,"01:46"
"The Beatles","Misery - Remastered 2009","Please Please Me ",1,108546,0.591,0.882,133.348,0.0413,0.309,0.707,0,"01:48"
"The Beatles","Sgt. Pepper's Lonely Hearts Club Band - Reprise / Remastered 2009","Sgt. Pepper's Lonely Hearts Club Band ",1,79066,0.653,0.879,118.773,0.0453,0.892,0.0061,0.589,"01:19"
"The Beatles","All I've Got To Do - Remastered 2009","With The Beatles ",0,122573,0.49,0.879,119.403,0.0344,0.0644,0.217,0,"02:02"
"The Beatles","Baby It's You - Remastered 2009","Please Please Me ",0,160520,0.608,0.879,112.421,0.0345,0.0926,0.778,0,"02:40"
"The Beatles","Baby's In Black - Remastered 2009","Beatles For Sale ",1,124520,0.374,0.876,202.97,0.0416,0.098,0.434,0,"02:04"
"The Beatles","No Reply - Remastered 2009","Beatles For Sale ",1,136066,0.718,0.869,124.251,0.0377,0.172,0.67,0,"02:16"
"The Beatles","It Won't Be Long - Remastered 2009","With The Beatles ",1,133386,0.472,0.862,133.117,0.0318,0.206,0.284,0,"02:13"
"The Beatles","Martha My Dear - 2018 Mix","The Beatles",1,148480,0.641,0.858,89.212,0.0313,0.157,0.788,7.77e-05,"02:28"
"The Beatles","Across The Universe - Remastered 2009","Let It Be ",1,228133,0.257,0.858,152.126,0.0287,0.0702,0.361,8.68e-05,"03:48"
"The Beatles","I'm A Loser - Remastered 2009","Beatles For Sale ",1,150026,0.492,0.856,89.877,0.0439,0.267,0.567,1.07e-06,"02:30"
"The Beatles","Words Of Love - Remastered 2009","Beatles For Sale ",1,124320,0.551,0.85,122.358,0.0297,0.173,0.323,0.722,"02:04"
"The Beatles","Why Don't We Do It In The Road? - 2018 Mix","The Beatles",1,101733,0.532,0.845,188.181,0.0545,0.0601,0.493,8.68e-06,"01:41"
"The Beatles","Can't Buy Me Love - Remastered 2009","A Hard Day's Night ",1,131866,0.483,0.842,170.72,0.0593,0.321,0.283,0,"02:11"
"The Beatles","Step Inside Love - Studio Jam","The Beatles",1,94920,0.807,0.835,131.756,0.058,0.364,0.696,0.0198,"01:34"
"The Beatles","Anna (Go To Him) - Remastered 2009","Please Please Me ",1,177133,0.608,0.835,109.286,0.0336,0.0601,0.635,0,"02:57"
"The Beatles","What You're Doing - Remastered 2009","Beatles For Sale ",1,150040,0.695,0.825,129.506,0.0403,0.0583,0.301,2e-06,"02:30"
"The Beatles","Run For Your Life - Remastered 2009","Rubber Soul ",1,141093,0.563,0.822,176.732,0.103,0.0552,0.0103,0,"02:21"
"The Beatles","Another Girl - Remastered 2009","Help! ",1,125360,0.516,0.822,88.657,0.0314,0.333,0.238,0,"02:05"
"The Beatles","Boys - Remastered 2009","Please Please Me ",1,146440,0.402,0.822,142.445,0.0504,0.736,0.607,0,"02:26"
"The Beatles","Drive My Car - Remastered 2009","Rubber Soul ",1,148893,0.754,0.82,122.463,0.0421,0.3,0.0173,0,"02:28"
"The Beatles","You're Going To Lose That Girl - Remastered 2009","Help! ",1,138666,0.533,0.818,131.975,0.0337,0.26,0.346,0,"02:18"
"The Beatles","Everybody's Got Something To Hide Except Me And My Monkey - Unnumbered Rehearsal","The Beatles",1,163000,0.676,0.817,126.938,0.0406,0.0949,0.000776,0.824,"02:43"
"The Beatles","Eleanor Rigby - Remastered 2009","Revolver ",0,126533,0.581,0.813,137.831,0.0381,0.305,0.936,1.56e-05,"02:06"
"The Beatles","Hello, Goodbye - Remastered 2009","Magical Mystery Tour ",1,208840,0.479,0.806,99.307,0.0256,0.414,0.306,2.4e-05,"03:28"
"The Beatles","With A Little Help From My Friends - Remastered 2009","Sgt. Pepper's Lonely Hearts Club Band ",1,164106,0.705,0.803,112.035,0.0337,0.389,0.365,0,"02:44"
"The Beatles","I Will - Take 29","The Beatles",1,26826,0.756,0.801,99.902,0.181,0.141,0.747,0.329,"00:26"
"The Beatles","Only A Northern Song - Remastered 2009","Yellow Submarine ",1,204493,0.175,0.801,209.242,0.0705,0.0846,0.000341,0.000751,"03:24"
"The Beatles","Think For Yourself - Remastered 2009","Rubber Soul ",1,138520,0.529,0.799,130.544,0.0282,0.0729,0.0124,0,"02:18"
"The Beatles","A Hard Day's Night - Remastered 2009","A Hard Day's Night ",1,154200,0.59,0.797,138.514,0.0371,0.0996,0.137,0,"02:34"
"The Beatles","Tell Me Why - Remastered 2009","A Hard Day's Night ",0,128693,0.267,0.797,150.942,0.0388,0.307,0.586,0,"02:08"
"The Beatles","If I Needed Someone - Remastered 2009","Rubber Soul ",1,142266,0.492,0.796,127.387,0.0331,0.102,0.00748,0,"02:22"
"The Beatles","The Word - Remastered 2009","Rubber Soul ",1,163106,0.59,0.792,120.773,0.0416,0.0553,0.00682,0,"02:43"
"The Beatles","Taxman - Remastered 2009","Revolver ",1,158853,0.469,0.783,133.586,0.0749,0.321,0.0101,0,"02:38"
"The Beatles","All Together Now - Remastered 2009","Yellow Submarine ",1,130893,0.587,0.778,95.937,0.0686,0.561,0.0722,0,"02:10"
"The Beatles","I'm Looking Through You - Remastered 2009","Rubber Soul ",1,146386,0.667,0.774,85.843,0.0364,0.0481,0.00772,0,"02:26"
"The Beatles","P.S. I Love You - Remastered 2009","Please Please Me ",1,124360,0.635,0.77,134.435,0.0291,0.0828,0.389,0.00127,"02:04"
"The Beatles","What Goes On - Remastered 2009","Rubber Soul ",1,168573,0.67,0.765,96.93,0.0749,0.0732,0.0168,3.01e-06,"02:48"
"The Beatles","Getting Better - Remastered 2009","Sgt. Pepper's Lonely Hearts Club Band ",1,168120,0.632,0.764,121.672,0.0348,0.0712,0.313,5.08e-06,"02:48"
"The Beatles","Help! - Remastered 2009","Help! ",0,139560,0.534,0.763,95.003,0.0332,0.0994,0.188,0,"02:19"
"The Beatles","The Continuing Story Of Bungalow Bill - Take 2","The Beatles",1,192533,0.758,0.76,114.268,0.134,0.386,0.329,0,"03:12"
"The Beatles","While My Guitar Gently Weeps - Third Version / Take 27","The Beatles",0,197306,0.54,0.759,113.158,0.0348,0.587,0.24,0.0181,"03:17"
"The Beatles","Ticket To Ride - Remastered 2009","Help! ",1,189680,0.519,0.749,123.419,0.0678,0.233,0.0457,0,"03:09"
"The Beatles","Can You Take Me Back? - Take 1","The Beatles",1,142213,0.728,0.746,79.355,0.0539,0.154,0.682,0,"02:22"
"The Beatles","Eight Days A Week - Remastered 2009","Beatles For Sale ",1,163600,0.652,0.744,138.134,0.038,0.119,0.412,0,"02:43"
"The Beatles","Any Time At All - Remastered 2009","A Hard Day's Night ",1,131280,0.612,0.744,141.016,0.0398,0.437,0.366,3.88e-06,"02:11"
"The Beatles","Love Me Do - Remastered 2009","Please Please Me ",1,141693,0.52,0.744,147.997,0.0806,0.227,0.386,6.2e-05,"02:21"
"The Beatles","The Continuing Story Of Bungalow Bill - 2018 Mix","The Beatles",1,194186,0.659,0.738,114.796,0.0648,0.683,0.295,0,"03:14"
"The Beatles","Everybody's Got Something To Hide Except Me And My Monkey - 2018 Mix","The Beatles",1,144653,0.503,0.738,117.153,0.0683,0.0554,0.00445,5.31e-05,"02:24"
"The Beatles","Honey Don't - Remastered 2009","Beatles For Sale ",1,177426,0.629,0.735,162.438,0.0348,0.0854,0.473,5.08e-05,"02:57"
"The Beatles","Sexy Sadie - 2018 Mix","The Beatles",1,195426,0.483,0.732,149.62,0.0299,0.198,0.279,0.00113,"03:15"
"The Beatles","A Beginning (Take 4) / Don’t Pass Me By (Take 7)","The Beatles",1,305973,0.527,0.73,85.155,0.0259,0.142,0.717,0.000595,"05:05"
"The Beatles","Octopus's Garden - Remastered 2009","Abbey Road ",0,170720,0.626,0.73,92.225,0.0247,0.215,0.155,4.65e-05,"02:50"
"The Beatles","Maxwell's Silver Hammer - Remastered 2009","Abbey Road ",1,207920,0.764,0.726,131.12,0.0405,0.132,0.629,0.000119,"03:27"
"The Beatles","St Louis Blues - Studio Jam","The Beatles",1,51573,0.749,0.724,51.415,0.0586,0.138,0.539,9.97e-05,"00:51"
"The Beatles","Your Mother Should Know - Remastered 2009","Magical Mystery Tour ",1,148413,0.698,0.724,117.613,0.0332,0.0936,0.784,0.0106,"02:28"
"The Beatles","I'm So Tired - 2018 Mix","The Beatles",1,123400,0.44,0.717,69.925,0.28,0.508,0.496,1.11e-05,"02:03"
"The Beatles","Cry Baby Cry - Esher Demo","The Beatles",0,147733,0.63,0.717,154.921,0.0529,0.332,0.805,0,"02:27"
"The Beatles","Across The Universe - Take 6","The Beatles",1,232986,0.386,0.717,152.212,0.0289,0.519,0.6,0,"03:52"
"The Beatles","For No One - Remastered 2009","Revolver ",0,119813,0.483,0.713,81.208,0.0278,0.115,0.783,0,"01:59"
"The Beatles","Got To Get You Into My Life - Remastered 2009","Revolver ",1,149240,0.521,0.711,136.679,0.0302,0.0838,0.42,9.27e-06,"02:29"
"The Beatles","Being For The Benefit Of Mr. Kite! - Remastered 2009","Sgt. Pepper's Lonely Hearts Club Band ",1,157533,0.526,0.71,111.874,0.0446,0.0992,0.338,0,"02:37"
"The Beatles","Love You To - Remastered 2009","Revolver ",1,179826,0.391,0.707,123.986,0.0413,0.0829,0.7,0.000249,"02:59"
"The Beatles","Please Please Me - Remastered 2009","Please Please Me ",1,120853,0.527,0.706,139.388,0.028,0.0702,0.334,0,"02:00"
"The Beatles","Everybody's Got Something To Hide Except Me And My Monkey - Esher Demo","The Beatles",1,183893,0.678,0.704,118.018,0.0398,0.31,0.131,0,"03:03"
"The Beatles","Carry That Weight - Remastered 2009","Abbey Road ",1,96466,0.543,0.704,84.319,0.0274,0.298,0.226,0.00663,"01:36"
"The Beatles","Tell Me What You See - Remastered 2009","Help! ",1,157986,0.592,0.7,136.675,0.0429,0.131,0.061,0,"02:37"
"The Beatles","I'm Only Sleeping - Remastered 2009","Revolver ",0,180320,0.494,0.698,103.477,0.0301,0.28,0.21,0,"03:00"
"The Beatles","Yellow Submarine - Remastered 2009","Revolver ",1,158880,0.604,0.696,111.398,0.0389,0.438,0.531,0,"02:38"
"The Beatles","She Came In Through The Bathroom Window - Remastered 2009","Abbey Road ",1,118626,0.53,0.69,80.652,0.0338,0.314,0.00376,3.38e-05,"01:58"
"The Beatles","Yellow Submarine - Remastered 2009","Yellow Submarine ",1,159720,0.605,0.688,110.849,0.0421,0.528,0.518,0,"02:39"
"The Beatles","Nowhere Man - Remastered 2009","Rubber Soul ",1,163693,0.534,0.687,121.402,0.0462,0.128,0.00797,0,"02:43"
"The Beatles","You Really Got A Hold On Me - Remastered 2009","With The Beatles ",1,181346,0.373,0.687,77.643,0.0337,0.267,0.525,0,"03:01"
"The Beatles","It's Only Love - Remastered 2009","Help! ",1,116480,0.629,0.685,113.155,0.0256,0.0432,0.22,0,"01:56"
"The Beatles","I Wanna Be Your Man - Remastered 2009","With The Beatles ",1,119506,0.553,0.683,99.138,0.0415,0.292,0.477,0,"01:59"
"The Beatles","I'm So Tired - Take 14","The Beatles",1,137413,0.453,0.681,72.55,0.187,0.137,0.635,1.35e-05,"02:17"
"The Beatles","Every Little Thing - Remastered 2009","Beatles For Sale ",1,123800,0.74,0.678,123.227,0.038,0.103,0.488,0,"02:03"
"The Beatles","Hey Jude - Take 1","The Beatles",1,404480,0.378,0.672,80.304,0.0282,0.28,0.637,0.000104,"06:44"
"The Beatles","She Said She Said - Remastered 2009","Revolver ",1,156040,0.329,0.672,106.476,0.0344,0.843,0.103,0.168,"02:36"
"The Beatles","Piggies - Take 12 / Instrumental Backing Track","The Beatles",1,130093,0.537,0.671,93.736,0.0348,0.194,0.165,0.0519,"02:10"
"The Beatles","Dig It - Remastered 2009","Let It Be ",1,50466,0.54,0.67,157.03,0.117,0.457,0.659,0.0019,"00:50"
"The Beatles","Lucy In The Sky With Diamonds - Remastered 2009","Sgt. Pepper's Lonely Hearts Club Band ",1,208466,0.311,0.668,65.09,0.0283,0.139,0.0469,0,"03:28"
"The Beatles","Michelle - Remastered 2009","Rubber Soul ",0,162373,0.578,0.666,117.403,0.0341,0.105,0.652,0,"02:42"
"The Beatles","When I'm Sixty Four - Remastered 2009","Sgt. Pepper's Lonely Hearts Club Band ",1,157666,0.704,0.661,140.411,0.0476,0.0868,0.625,2.8e-05,"02:37"
"The Beatles","I'm So Tired - Take 7","The Beatles",1,149880,0.628,0.66,143.151,0.371,0.165,0.768,4.83e-05,"02:29"
"The Beatles","Wait - Remastered 2009","Rubber Soul ",0,134720,0.552,0.657,127.201,0.04,0.105,0.0175,0,"02:14"
"The Beatles","Honey Pie - Esher Demo","The Beatles",1,119906,0.633,0.655,78.419,0.113,0.261,0.4,0,"01:59"
"The Beatles","Let It Be - Unnumbered Rehearsal","The Beatles",1,77986,0.551,0.654,72.065,0.0273,0.405,0.482,0.594,"01:17"
"The Beatles","I Am The Walrus - Remastered 2009","Magical Mystery Tour ",1,275866,0.401,0.654,85.206,0.0513,0.589,0.0828,0.000359,"04:35"
"The Beatles","All You Need Is Love - Remastered 2009","Magical Mystery Tour ",1,230386,0.4,0.653,103.436,0.0295,0.155,0.346,3.1e-05,"03:50"
"The Beatles","Norwegian Wood (This Bird Has Flown) - Remastered 2009","Rubber Soul ",1,124693,0.425,0.65,176.625,0.0379,0.112,0.183,0.00126,"02:04"
"The Beatles","Not Guilty - Take 102","The Beatles",1,268920,0.579,0.647,119.04,0.0761,0.152,0.0311,0.0304,"04:28"
"The Beatles","Till There Was You - Remastered 2009","With The Beatles ",1,133506,0.727,0.646,122.421,0.0454,0.105,0.79,0,"02:13"
"The Beatles","Yer Blues - Esher Demo","The Beatles",1,211386,0.567,0.643,148.643,0.0432,0.511,0.374,0.000416,"03:31"
"The Beatles","I'll Be Back - Remastered 2009","A Hard Day's Night ",1,144186,0.721,0.641,123.902,0.0293,0.186,0.744,0,"02:24"
"The Beatles","When I Get Home - Remastered 2009","A Hard Day's Night ",0,136640,0.568,0.64,125.375,0.0482,0.388,0.384,0,"02:16"
"The Beatles","Rocky Raccoon - 2018 Mix","The Beatles",1,213080,0.543,0.638,78.943,0.0397,0.25,0.424,0,"03:33"
"The Beatles","I Need You - Remastered 2009","Help! ",1,148786,0.601,0.638,136.215,0.0455,0.0988,0.277,0,"02:28"
"The Beatles","And I Love Her - Remastered 2009","A Hard Day's Night ",0,149693,0.767,0.636,113.312,0.0337,0.0681,0.64,0,"02:29"
"The Beatles","While My Guitar Gently Weeps - 2018 Mix","The Beatles",1,285280,0.421,0.635,115.124,0.0364,0.307,0.00196,0.0172,"04:45"
"The Beatles","The Night Before - Remastered 2009","Help! ",1,154933,0.461,0.632,84.496,0.0379,0.238,0.0537,0,"02:34"
"The Beatles","Lovely Rita - Remastered 2009","Sgt. Pepper's Lonely Hearts Club Band ",0,162093,0.61,0.63,87.379,0.0261,0.118,0.0634,0,"02:42"
"The Beatles","All You Need Is Love - Remastered 2009","Yellow Submarine ",1,231213,0.4,0.627,103.103,0.0288,0.286,0.345,4.59e-05,"03:51"
"The Beatles","I Will - Take 13","The Beatles",1,140866,0.769,0.626,100.136,0.0428,0.127,0.77,0.0224,"02:20"
"The Beatles","I'll Follow The Sun - Remastered 2009","Beatles For Sale ",1,108853,0.689,0.625,133.754,0.0366,0.144,0.789,0,"01:48"
"The Beatles","Good Night - Unnumbered Rehearsal","The Beatles",1,39066,0.528,0.624,84.522,0.127,0.0928,0.982,0.105,"00:39"
"The Beatles","Lady Madonna - Backing Vocals From Take 3","The Beatles",1,54120,0.709,0.622,109.878,0.308,0.588,0.756,0.000844,"00:54"
"The Beatles","Fixing A Hole - Remastered 2009","Sgt. Pepper's Lonely Hearts Club Band ",0,156826,0.469,0.619,112.984,0.0451,0.0783,0.382,0,"02:36"
"The Beatles","Glass Onion - Esher Demo","The Beatles",1,115600,0.697,0.616,113.622,0.0441,0.127,0.689,0,"01:55"
"The Beatles","Glass Onion - 2018 Mix","The Beatles",0,137706,0.529,0.615,120.356,0.0508,0.093,0.00236,0.003,"02:17"
"The Beatles","Rocky Raccoon - Take 8","The Beatles",1,297066,0.538,0.613,80.606,0.053,0.45,0.663,0,"04:57"
"The Beatles","Do You Want To Know A Secret - Remastered 2009","Please Please Me ",1,117013,0.673,0.609,124.451,0.0368,0.38,0.608,0,"01:57"
"The Beatles","Mean Mr Mustard - Esher Demo","The Beatles",1,125586,0.645,0.598,104.941,0.0317,0.0618,0.649,6.33e-06,"02:05"
"The Beatles","Ask Me Why - Remastered 2009","Please Please Me ",1,146533,0.605,0.597,133.942,0.0378,0.0967,0.767,0,"02:26"
"The Beatles","Mr Moonlight - Remastered 2009","Beatles For Sale ",1,158626,0.631,0.589,126.127,0.0438,0.118,0.796,0.000143,"02:38"
"The Beatles","Revolution 1 - 2018 Mix","The Beatles",1,255653,0.37,0.583,98.997,0.0411,0.427,0.0974,0.000296,"04:15"
"The Beatles","Sgt. Pepper's Lonely Hearts Club Band - Remastered 2009","Sgt. Pepper's Lonely Hearts Club Band ",1,122893,0.451,0.583,95.513,0.0734,0.797,0.0857,0.00225,"02:02"
"The Beatles","Why Don’t We Do It In The Road? - Take 5","The Beatles",1,123053,0.784,0.582,93.916,0.0854,0.718,0.642,1.17e-06,"02:03"
"The Beatles","Yer Blues - Take 5 With Guide Vocal","The Beatles",1,237546,0.388,0.581,107.715,0.0704,0.316,0.00218,0.288,"03:57"
"The Beatles","Doctor Robert - Remastered 2009","Revolver ",1,134266,0.394,0.574,164.626,0.0488,0.153,0.164,0.139,"02:14"
"The Beatles","Piggies - 2018 Mix","The Beatles",1,124306,0.527,0.571,92.583,0.0314,0.0981,0.2,0,"02:04"
"The Beatles","Good Day Sunshine - Remastered 2009","Revolver ",1,129293,0.77,0.571,117.331,0.0468,0.123,0.719,0,"02:09"
"The Beatles","Revolution - Esher Demo","The Beatles",0,246640,0.723,0.569,121.509,0.0682,0.118,0.294,1.73e-05,"04:06"
"The Beatles","If I Fell - Remastered 2009","A Hard Day's Night ",1,139466,0.665,0.568,108.211,0.0278,0.0877,0.68,0,"02:19"
"The Beatles","What’s The New Mary Jane - Esher Demo","The Beatles",1,162973,0.642,0.558,78.431,0.0375,0.172,0.191,0,"02:42"
"The Beatles","Back In The U.S.S.R. - Esher Demo","The Beatles",1,179906,0.658,0.557,127.719,0.0845,0.185,0.756,0,"02:59"
"The Beatles","Mother Nature's Son - Take 15","The Beatles",1,191426,0.526,0.553,169.167,0.0419,0.108,0.78,8.61e-05,"03:11"
"The Beatles","Ob-La-Di, Ob-La-Da - Esher Demo","The Beatles",1,190600,0.76,0.549,118.73,0.0495,0.0859,0.403,0,"03:10"
"The Beatles","Oh! Darling - Remastered 2009","Abbey Road ",1,207240,0.422,0.549,173.93,0.0397,0.268,0.0126,0.0279,"03:27"
"The Beatles","Revolution - Take 14 / Instrumental Backing Track","The Beatles",0,205000,0.567,0.528,123.687,0.0539,0.575,0.336,0.848,"03:25"
"The Beatles","Dig A Pony - Remastered 2009","Let It Be ",0,235000,0.538,0.527,59.004,0.0388,0.17,0.472,0,"03:55"
"The Beatles","I Me Mine - Remastered 2009","Let It Be ",0,145586,0.291,0.525,185.235,0.0554,0.101,0.179,0,"02:25"
"The Beatles","Maggie Mae - Remastered 2009","Let It Be ",0,40040,0.516,0.524,169.039,0.215,0.103,0.379,0,"00:40"
"The Beatles","Her Majesty - Remastered 2009","Abbey Road ",1,25986,0.703,0.522,100.874,0.0892,0.13,0.728,1.23e-06,"00:25"
"The Beatles","Things We Said Today - Remastered 2009","A Hard Day's Night ",0,155333,0.551,0.516,137.054,0.0332,0.112,0.239,0,"02:35"
"The Beatles","Polythene Pam - Remastered 2009","Abbey Road ",0,72640,0.474,0.499,166.829,0.199,0.19,0.00472,0.674,"01:12"
"The Beatles","The Continuing Story Of Bungalow Bill - Esher Demo","The Beatles",0,160920,0.594,0.494,109.317,0.0397,0.163,0.642,0,"02:40"
"The Beatles","The Fool On The Hill - Remastered 2009","Magical Mystery Tour ",0,179106,0.356,0.49,144.184,0.0314,0.105,0.913,2.1e-06,"02:59"
"The Beatles","Penny Lane - Remastered 2009","Magical Mystery Tour ",1,180893,0.651,0.49,113.038,0.0316,0.136,0.212,0.026,"03:00"
"The Beatles","Honey Pie - 2018 Mix","The Beatles",1,161160,0.592,0.489,144.06,0.0622,0.136,0.893,4.96e-05,"02:41"
"The Beatles","Cry Baby Cry - 2018 Mix","The Beatles",1,181866,0.481,0.489,76.795,0.0264,0.196,0.129,0.0209,"03:01"
"The Beatles","Helter Skelter - First Version / Take 2","The Beatles",1,773520,0.608,0.481,134.531,0.0575,0.0944,0.681,0.139,"12:53"
"The Beatles","Yer Blues - 2018 Mix","The Beatles",1,241000,0.328,0.48,104.258,0.0467,0.0948,0.000652,0.216,"04:01"
"The Beatles","Mother Nature's Son - 2018 Mix","The Beatles",1,167826,0.564,0.473,84.761,0.0255,0.271,0.614,0.208,"02:47"
"The Beatles","You Won't See Me - Remastered 2009","Rubber Soul ",1,199960,0.488,0.473,115.941,0.0304,0.0538,0.136,0,"03:19"
"The Beatles","Baby, You're A Rich Man - Remastered 2009","Magical Mystery Tour ",1,181306,0.619,0.467,96.751,0.036,0.152,0.0119,1.05e-06,"03:01"
"The Beatles","Piggies - Esher Demo","The Beatles",1,125786,0.447,0.464,175.566,0.0445,0.341,0.868,0,"02:05"
"The Beatles","Happiness Is A Warm Gun - 2018 Mix","The Beatles",0,164520,0.461,0.459,138.935,0.0592,0.107,0.131,5.63e-06,"02:44"
"The Beatles","Blackbird - Take 28","The Beatles",1,135973,0.689,0.456,93.146,0.045,0.309,0.758,2.64e-05,"02:15"
"The Beatles","I Want To Tell You - Remastered 2009","Revolver ",1,147973,0.493,0.449,127.492,0.0315,0.148,0.182,4.4e-06,"02:27"
"The Beatles","Good Night - Take 22","The Beatles",1,226306,0.502,0.444,133.98,0.0345,0.117,0.942,1.4e-06,"03:46"
"The Beatles","Cry Baby Cry - Unnumbered Rehearsal","The Beatles",0,182773,0.607,0.441,126.797,0.0479,0.257,0.644,0.0033,"03:02"
"The Beatles","Child Of Nature - Esher Demo","The Beatles",1,157773,0.477,0.437,72.062,0.0294,0.132,0.67,0,"02:37"
"The Beatles","In My Life - Remastered 2009","Rubber Soul ",1,146333,0.688,0.435,103.239,0.0323,0.113,0.449,0,"02:26"
"The Beatles","Happiness Is A Warm Gun - Take 19","The Beatles",0,189040,0.484,0.433,73.112,0.0636,0.136,0.516,0.0233,"03:09"
"The Beatles","I'm So Tired - Esher Demo","The Beatles",1,190760,0.473,0.42,152.361,0.101,0.925,0.756,0,"03:10"
"The Beatles","I Want You (She's So Heavy) - Remastered 2009","Abbey Road ",0,467320,0.37,0.42,115.732,0.0321,0.0966,0.0233,0.205,"07:47"
"The Beatles","A Taste Of Honey - Remastered 2009","Please Please Me ",0,123480,0.42,0.412,101.408,0.0327,0.104,0.698,0,"02:03"
"The Beatles","Let It Be - Remastered 2009","Let It Be ",1,243026,0.443,0.41,143.462,0.0322,0.111,0.631,0,"04:03"
"The Beatles","Sour Milk Sea - Esher Demo","The Beatles",1,223533,0.662,0.402,127.317,0.0509,0.378,0.86,8.4e-06,"03:43"
"The Beatles","Here Comes The Sun - Remastered 2009","Abbey Road ",1,185733,0.557,0.394,129.171,0.0347,0.179,0.0339,0.00248,"03:05"
"The Beatles","She's Leaving Home - Remastered 2009","Sgt. Pepper's Lonely Hearts Club Band ",1,215160,0.381,0.393,127.581,0.0337,0.106,0.944,0,"03:35"
"The Beatles","The Long And Winding Road - Remastered 2009","Let It Be ",1,218186,0.299,0.392,132.282,0.0279,0.0559,0.756,0.0105,"03:38"
"The Beatles","Blackbird - Esher Demo","The Beatles",1,154520,0.585,0.388,89.156,0.0342,0.0758,0.699,0.000274,"02:34"
"The Beatles","You've Got To Hide Your Love Away - Remastered 2009","Help! ",1,129120,0.398,0.378,184.267,0.0282,0.102,0.207,0,"02:09"
"The Beatles","Something - Remastered 2009","Abbey Road ",1,182293,0.396,0.377,133.522,0.0304,0.138,0.198,2.62e-06,"03:02"
"The Beatles","Sexy Sadie - Take 3","The Beatles",1,188093,0.551,0.37,130.228,0.0542,0.108,0.819,0,"03:08"
"The Beatles","Dear Prudence - 2018 Mix","The Beatles",1,234973,0.395,0.369,150.785,0.0456,0.0685,0.0904,0.000453,"03:54"
"The Beatles","Pepperland - Remastered 2009","Yellow Submarine ",1,140733,0.354,0.367,113.126,0.032,0.243,0.661,0.763,"02:20"
"The Beatles","I've Got A Feeling - Remastered 2009","Let It Be ",1,217560,0.44,0.364,165.156,0.0358,0.582,0.0715,0,"03:37"
"The Beatles","While My Guitar Gently Weeps - Esher Demo","The Beatles",0,161440,0.503,0.36,82.396,0.0468,0.353,0.835,0,"02:41"
"The Beatles","Here, There And Everywhere - Remastered 2009","Revolver ",1,144880,0.29,0.36,165.361,0.0383,0.0917,0.921,0.00565,"02:24"
"The Beatles","Blackbird - 2018 Mix","The Beatles",1,138360,0.649,0.358,93.82,0.0396,0.0627,0.825,3.14e-06,"02:18"
"The Beatles","Rocky Raccoon - Esher Demo","The Beatles",1,164320,0.6,0.356,82.588,0.0349,0.301,0.619,0,"02:44"
"The Beatles","Within You Without You - Remastered 2009","Sgt. Pepper's Lonely Hearts Club Band ",1,304666,0.352,0.354,126.166,0.0338,0.486,0.339,0.000353,"05:04"
"The Beatles","(You're So Square) Baby I Don’t Care - Studio Jam","The Beatles",1,42693,0.411,0.353,112.173,0.0896,0.364,0.0991,0,"00:42"
"The Beatles","Good Night - Take 10 With A Guitar Part From Take 5","The Beatles",1,151013,0.329,0.343,141.588,0.0335,0.257,0.97,1.17e-06,"02:31"
"The Beatles","While My Guitar Gently Weeps - Acoustic Version / Take 2","The Beatles",0,182613,0.379,0.34,127.517,0.0346,0.194,0.83,0.413,"03:02"
"The Beatles","Julia - Two Rehearsals","The Beatles",0,271000,0.509,0.34,135.807,0.0676,0.19,0.747,0.00292,"04:31"
"The Beatles","Magical Mystery Tour - Remastered 2009","Magical Mystery Tour ",1,170106,0.297,0.338,170.962,0.0931,0.0734,0.0385,3.98e-05,"02:50"
"The Beatles","Revolution 1 - Take 18","The Beatles",1,628906,0.436,0.333,100.654,0.0871,0.643,0.151,0.0158,"10:28"
"The Beatles","Get Back - Remastered 2009","Let It Be ",1,189386,0.761,0.332,123.095,0.0586,0.61,0.492,0.00626,"03:09"
"The Beatles","Mother Nature's Son - Esher Demo","The Beatles",1,144413,0.356,0.331,174.134,0.0282,0.351,0.835,0.000122,"02:24"
"The Beatles","Yesterday - Remastered 2009","Help! ",1,125666,0.332,0.315,96.529,0.0326,0.0886,0.879,0,"02:05"
"The Beatles","The Inner Light - Take 6 / Instrumental Backing Track","The Beatles",1,167613,0.295,0.305,102.093,0.0424,0.338,0.618,0.81,"02:47"
"The Beatles","Not Guilty - Esher Demo","The Beatles",0,185186,0.594,0.301,103.238,0.0541,0.358,0.875,1.33e-05,"03:05"
"The Beatles","Wild Honey Pie - 2018 Mix","The Beatles",0,53000,0.749,0.299,89.897,0.0346,0.796,0.278,0.759,"00:53"
"The Beatles","Dear Prudence - Vocal, Guitar & Drums","The Beatles",1,239840,0.415,0.291,151.524,0.0371,0.0764,0.691,0.0129,"03:59"
"The Beatles","Strawberry Fields Forever - Remastered 2009","Magical Mystery Tour ",1,247320,0.39,0.289,97.871,0.178,0.0713,0.336,0.000138,"04:07"
"The Beatles","Dear Prudence - Esher Demo","The Beatles",0,287053,0.387,0.271,89.173,0.0302,0.143,0.655,0.0129,"04:47"
"The Beatles","Yellow Submarine In Pepperland - Remastered 2009","Yellow Submarine ",1,134026,0.406,0.271,105.345,0.0359,0.15,0.808,0.599,"02:14"
"The Beatles","Junk - Esher Demo","The Beatles",1,156586,0.37,0.263,137.685,0.0289,0.105,0.9,0.353,"02:36"
"The Beatles","Julia - Esher Demo","The Beatles",1,236466,0.507,0.261,138.715,0.0306,0.228,0.845,0.0344,"03:56"
"The Beatles","Flying - Remastered 2009","Magical Mystery Tour ",1,135520,0.551,0.261,92.929,0.0501,0.0932,0.368,0.88,"02:15"
"The Beatles","Sexy Sadie - Esher Demo","The Beatles",0,146693,0.432,0.257,147.869,0.0528,0.358,0.783,1.95e-06,"02:26"
"The Beatles","Helter Skelter - 2018 Mix","The Beatles",1,269773,0.22,0.248,167.748,0.0913,0.828,0.000218,0.141,"04:29"
"The Beatles","Helter Skelter - Second Version / Take 17","The Beatles",1,219213,0.361,0.242,83.305,0.0464,0.368,0.208,4.94e-05,"03:39"
"The Beatles","Honey Pie - Instrumental Backing Track","The Beatles",1,163106,0.604,0.24,144.125,0.0484,0.297,0.947,0.893,"02:43"
"The Beatles","Golden Slumbers - Remastered 2009","Abbey Road ",1,91760,0.419,0.239,80.608,0.0277,0.113,0.326,0.0034,"01:31"
"The Beatles","You Never Give Me Your Money - Remastered 2009","Abbey Road ",1,242973,0.335,0.223,174.464,0.0348,0.116,0.345,0.136,"04:02"
"The Beatles","The End - Remastered 2009","Abbey Road ",0,141613,0.647,0.222,123.444,0.0689,0.138,0.00101,0.285,"02:21"
"The Beatles","It's All Too Much - Remastered 2009","Yellow Submarine ",1,385013,0.39,0.199,113.511,0.0364,0.1,4.3e-05,0.412,"06:25"
"The Beatles","Sun King - Remastered 2009","Abbey Road ",1,146266,0.483,0.192,74.994,0.0277,0.116,0.284,0.499,"02:26"
"The Beatles","Come Together - Remastered 2009","Abbey Road ",0,259946,0.533,0.187,165.007,0.0393,0.0926,0.0302,0.248,"04:19"
"The Beatles","Happiness Is A Warm Gun - Esher Demo","The Beatles",1,115026,0.587,0.186,138.625,0.0424,0.161,0.771,2.41e-05,"01:55"
"The Beatles","Julia - 2018 Mix","The Beatles",1,176133,0.399,0.185,134.702,0.0314,0.106,0.849,0.000105,"02:56"
"The Beatles","Long, Long, Long - Take 44","The Beatles",1,174866,0.515,0.185,103.745,0.0467,0.402,0.659,5.4e-05,"02:54"
"The Beatles","What’s The New Mary Jane - Take 1","The Beatles",1,126746,0.714,0.184,79.59,0.224,0.0769,0.624,0,"02:06"
"The Beatles","A Day In The Life - Remastered 2009","Sgt. Pepper's Lonely Hearts Club Band ",0,337413,0.364,0.175,163.219,0.0675,0.922,0.29,0.000106,"05:37"
"The Beatles","Because - Remastered 2009","Abbey Road ",1,165666,0.328,0.162,81.257,0.0272,0.134,0.754,5.77e-06,"02:45"
"The Beatles","March Of The Meanies - Remastered 2009","Yellow Submarine ",0,139360,0.538,0.16,117.185,0.0387,0.456,0.934,0.758,"02:19"
"The Beatles","Good Night - 2018 Mix","The Beatles",1,195213,0.131,0.137,95.082,0.0349,0.107,0.888,0.383,"03:15"
"The Beatles","Circles - Esher Demo","The Beatles",1,136706,0.267,0.121,101.504,0.0378,0.1,0.351,1.52e-05,"02:16"
"The Beatles","Revolution 9 - 2018 Mix","The Beatles",0,500853,0.193,0.119,82.224,0.369,0.782,0.775,0.0908,"08:20"
"The Beatles","Long, Long, Long - 2018 Mix","The Beatles",1,186426,0.337,0.106,104.767,0.0282,0.103,0.35,0.139,"03:06"
"The Beatles","Sea Of Time - Remastered 2009","Yellow Submarine ",0,180213,0.237,0.0629,128.054,0.0387,0.203,0.971,0.0961,"03:00"
"The Beatles","Tomorrow Never Knows - Remastered 2009","Revolver ",1,179546,0.38,0.0534,125.887,0.0405,0.342,8.4e-05,0.00208,"02:59"
"The Beatles","Sea Of Monsters - Remastered 2009","Yellow Submarine ",1,216693,0.253,0.0489,83.971,0.0346,0.135,0.945,0.862,"03:36"
"The Beatles","Pepperland Laid Waste - Remastered 2009","Yellow Submarine ",0,132773,0.269,0.0462,82.423,0.042,0.302,0.877,0.821,"02:12"
"The Beatles","Blue Jay Way - Remastered 2009","Magical Mystery Tour ",1,235066,0.294,0.0378,101.052,0.0308,0.0852,0.0258,0.000219,"03:55"
"The Beatles","Sea Of Holes - Remastered 2009","Yellow Submarine ",0,136693,0.249,0.0357,118.99,0.04,0.454,0.959,0.926,"02:16"
